dataset_id,split,count,mean,std,min,median,max,p95
FD001,train,20631,107.80786195530997,68.8809901772182,0.0,103.0,361.0,229.0
FD001,test,100,75.52,41.76497009783111,7.0,86.0,145.0,136.05
FD002,train,53759,108.15474618203464,69.18056859296175,0.0,103.0,377.0,230.0
FD002,test,259,81.18532818532819,53.88291585570335,6.0,80.0,194.0,178.1
FD003,train,24720,138.07706310679612,98.84667543800707,0.0,123.0,524.0,332.0499999999993
FD003,test,100,75.32,41.604166458020366,6.0,77.5,145.0,137.0
FD004,train,61249,133.31141732926253,89.78338941323628,0.0,122.0,542.0,298.0
FD004,test,248,86.5524193548387,54.634053777655055,6.0,88.0,195.0,176.0
