model_name,rmse,mae,rows
gru,17.4237621551216,13.194004908062185,25309
rf,18.31287878112194,13.255612205726631,32267
hgb,18.43299932552718,13.328666003565033,32267
lstm,20.011797905282673,14.990470100391008,28149
