model_name,scenario,rmse
rf,clean,18.31287878112194
rf,noise_0p05,45.789292407773914
rf,mask_sensor_2,18.76635119054101
hgb,clean,18.43299932552718
hgb,noise_0p05,46.50865703014245
hgb,mask_sensor_2,18.985238663426614
