model_name,samples,seconds,ms_per_sample
hgb,512,5.4926536999992095,10.727839257810956
rf,512,0.1605048999772407,0.31348613276804826
lstm,28149,0.3830970999551937,0.01360961668106127
gru,25309,1.3186338000232354,0.05210137895702064
